{
  "properties" : {
    "duration" : 12,
    "duration-type" : "fps",
    "repetitions" : 0
  },
  "info" : {
    "version" : 1,
    "author" : "xcode"
  },
  "frames" : [
    {
      "filename" : "Regenbogenkatze-1.png"
    },
    {
      "filename" : "Regenbogenkatze-2.png"
    },
    {
      "filename" : "Regenbogenkatze-3.png"
    },
    {
      "filename" : "Regenbogenkatze-4.png"
    },
    {
      "filename" : "Regenbogenkatze-5.png"
    },
    {
      "filename" : "Regenbogenkatze-6.png"
    }
  ]
}